State,District,PC1,PC2,PC3,Cluster_ID
Jammu And Kashmir,Kupwara,-1.4761649627795097,-0.3688640457913796,-0.0130209975445821,2
Jammu And Kashmir,Badgam,-1.5744107719559133,-0.2963015263499621,-0.006776499906721,2
Jammu And Kashmir,Leh(Ladakh),-1.9317537033866157,-0.0351180784284515,0.0378597874752874,2
Jammu And Kashmir,Kargil,-1.9330519709664344,-0.0340353261803166,0.0369523505180672,2
Jammu And Kashmir,Punch,-1.7158669684319812,-0.1933495036489089,0.0144005289529433,2
Jammu And Kashmir,Rajouri,-1.6004033321279525,-0.2782296434177354,0.0038719013117111,2
Jammu And Kashmir,Kathua,-1.5966749126697382,-0.281408691497055,0.0070337622206275,2
Jammu And Kashmir,Baramula,-1.369348153098936,-0.4476044359057502,-0.0210290516748804,2
Jammu And Kashmir,Bandipore,-1.787299055013336,-0.140588573930799,0.0189205702224543,2
Jammu And Kashmir,Srinagar,-1.176919265966095,-0.5897233047719073,-0.0333038741390969,2
Jammu And Kashmir,Ganderbal,-1.8449534726702417,-0.0983747548080233,0.0255311997666344,2
Jammu And Kashmir,Pulwama,-1.6678963324947076,-0.2284066872864839,0.0083704356130648,2
Jammu And Kashmir,Shupiyan,-1.8600786806261664,-0.0873893006358976,0.0279769121434817,2
Jammu And Kashmir,Anantnag,-1.3430633510418937,-0.4664660020437999,-0.0271101986782976,2
Jammu And Kashmir,Kulgam,-1.7631303260438378,-0.1583892804350521,0.0169859095072891,2
Jammu And Kashmir,Doda,-1.7631940045676149,-0.1585446738161479,0.0186076361686862,2
Jammu And Kashmir,Ramban,-1.8602190555615443,-0.087038531029358,0.0260112058439008,2
Jammu And Kashmir,Kishtwar,-1.888578789206544,-0.0663633192237679,0.0299775072495175,2
Jammu And Kashmir,Udhampur,-1.6548391433711376,-0.2383435683350697,0.0098827088770967,2
Jammu And Kashmir,Reasi,-1.8347399882512585,-0.1058469260824716,0.0243120977357521,2
Jammu And Kashmir,Jammu,-0.8624911476415197,-0.8230740400608229,-0.0443384289796633,2
Jammu And Kashmir,Samba,-1.791994264469683,-0.1380686186978881,0.0267936447558616,2
Himachal Pradesh,Chamba,-1.660610183189054,-0.2312512499501683,0.1098736952167146,2
Himachal Pradesh,Kangra,-0.8549082859680418,-0.8258422563825359,0.0547845447859719,2
Himachal Pradesh,Lahul AND Spiti,-2.0008584977042427,0.0188794065835541,0.1408530436061219,2
Himachal Pradesh,Kullu,-1.69915871234742,-0.2032755254581892,0.1162836149118867,2
Himachal Pradesh,Mandi,-1.270915382904093,-0.5188184721827984,0.0830742562425152,2
Himachal Pradesh,Hamirpur,-1.6661736108901704,-0.227949431343592,0.116678241012569,2
Himachal Pradesh,Una,-1.619568697511119,-0.2622158358483603,0.1124764434864507,2
Himachal Pradesh,Bilaspur,-1.7304539301144188,-0.1804244684007908,0.1203745493382551,2
Himachal Pradesh,Solan,-1.5824158485369575,-0.289445719380516,0.1084326677527085,2
Himachal Pradesh,Sirmaur,-1.6360382817791848,-0.2496568304351293,0.1103675833239502,2
Himachal Pradesh,Shimla,-1.3984590977518665,-0.4250980277982834,0.0950245229129619,2
Himachal Pradesh,Kinnaur,-1.960835718860124,-0.0106099817555007,0.1377442915702479,2
Punjab,Gurdaspur,-0.1056205499862419,-0.958772512925634,0.0576998084976723,1
Punjab,Kapurthala,-1.2147305281058232,-0.1419369552763805,0.1468337643230553,2
Punjab,Jalandhar,-0.150748175594516,-0.9261578613708208,0.0662881868512422,1
Punjab,Hoshiarpur,-0.5992262271893151,-0.5959647110982322,0.1031394296482736,2
Punjab,Shahid Bhagat Singh Nagar,-1.3629149583712368,-0.0328680458889129,0.1592678897509027,2
Punjab,Fatehgarh Sahib,-1.3739939973124768,-0.0246712471745518,0.159859972059021,2
Punjab,Ludhiana,0.828715859861943,-1.6475768460751383,-0.0119083633873206,1
Punjab,Moga,-1.1208315754454294,-0.2103220056886978,0.1331380820722071,2
Punjab,Firozpur,-0.4211353962102139,-0.7242670667130091,0.0659898386484612,2
Punjab,Muktsar,-1.210164274671917,-0.144172170730484,0.1374545360177741,2
Punjab,Faridkot,-1.3913406620612585,-0.0113287074367871,0.1567221012252478,2
Punjab,Bathinda,-0.8606778642253851,-0.4012916943861826,0.1072128608507333,2
Punjab,Mansa,-1.3127031711627426,-0.0685848979831334,0.1451389860454286,2
Punjab,Patiala,-0.4495280492571288,-0.7046912183511718,0.0789380906083433,2
Punjab,Amritsar,-0.0080568143365712,-1.029760719784185,0.0429434035058402,1
Punjab,Tarn Taran,-1.0547879287527335,-0.2584642554445934,0.1238549330310082,2
Punjab,Rupnagar,-1.3021074270643538,-0.0777773398894511,0.1553868819112573,2
Punjab,Sahibzada Ajit Singh Nagar,-1.0635602491681275,-0.2535880185339885,0.1372215472770231,2
Punjab,Sangrur,-0.6788091862576232,-0.5349061660355321,0.0899766483194013,2
Punjab,Barnala,-1.4108414414654973,0.0030904954642002,0.1578313761226479,2
Chandigarh,Chandigarh,-1.217153502249048,-0.5722506911421172,0.0117330211083757,2
Uttarakhand,Uttarkashi,-1.5897406439484476,0.1323192682163665,0.117476282209634,2
Uttarakhand,Chamoli,-1.5323045930876125,0.0898050197963264,0.1145692919578203,2
Uttarakhand,Rudraprayag,-1.6456073544492225,0.173280745630476,0.1234296606340874,2
Uttarakhand,Tehri Garhwal,-1.380750808309691,-0.0214661147459325,0.0996329089351994,2
Uttarakhand,Dehradun,-0.5309633021292987,-0.6481361518031807,0.03789156501392,2
Uttarakhand,Garhwal,-1.3094044482347154,-0.0743897908490641,0.0969248924808613,2
Uttarakhand,Pithoragarh,-1.4639091740610617,0.0394384787343587,0.1090310485686934,2
Uttarakhand,Bageshwar,-1.6345676928869408,0.1651901420786612,0.1222238429752786,2
Uttarakhand,Almora,-1.3643034088542092,-0.0338369165343168,0.1003700940475102,2
Uttarakhand,Champawat,-1.6355924909248265,0.1659605559115052,0.1221809568990334,2
Uttarakhand,Nainital,-1.1037151281388555,-0.2259835724284026,0.0812579882863047,2
Uttarakhand,Udham Singh Nagar,-0.6662533015858538,-0.5466358550817336,0.0338829667365058,2
Uttarakhand,Hardwar,-0.502519316674668,-0.6669067340795776,0.0182017889561146,2
Haryana,Panchkula,-1.0993354940484426,0.3698787155459308,0.4426446347173765,2
Haryana,Ambala,-0.6709663952777879,0.0543132892934511,0.4088645903299738,2
Haryana,Yamunanagar,-0.6316134107346006,0.0257954886958829,0.4019873456001299,2
Haryana,Kurukshetra,-0.8222209849762647,0.1662485423279494,0.4167086985360581,2
Haryana,Kaithal,-0.7819372870685081,0.1373607108544945,0.4072359844586864,2
Haryana,Karnal,-0.4468945118794623,-0.1096290689204528,0.382212211408261,2
Haryana,Panipat,-0.6591888013570181,0.0464973291643712,0.4010615104273587,2
Haryana,Sonipat,-0.4565413572132888,-0.1031177822448044,0.3877296886011037,2
Haryana,Jind,-0.587175267705593,-0.0060856645126262,0.3916506232451324,2
Haryana,Fatehabad,-0.8779830751548672,0.2080424235029446,0.4153857704596546,2
Haryana,Sirsa,-0.6280216845388793,0.0242158737159231,0.3931828494666341,2
Haryana,Hisar,-0.2864739914926128,-0.2274384202180482,0.3666276409934253,2
Haryana,Bhiwani,-0.3504768044806001,-0.1806360186889667,0.3744427119864066,2
Haryana,Rohtak,-0.7331402519928953,0.1003267415930636,0.4120731229822293,2
Haryana,Jhajjar,-0.809031616119491,0.1562007208925903,0.418318976440071,2
Haryana,Mahendragarh,-0.8467650335079527,0.1841883846128977,0.4197705859542502,2
Haryana,Rewari,-0.8512445389761266,0.1872669129744542,0.4218929525721134,2
Haryana,Gurgaon,-0.3728891766725558,-0.1653892926694114,0.3863091934532657,2
Haryana,Mewat,-0.8781219947170764,0.2102070834505122,0.3989156886942408,2
Haryana,Faridabad,-0.1780990903734153,-0.3083609497721552,0.3667626790168169,2
Haryana,Palwal,-0.8184040230821855,0.1644578343984641,0.4082474104302434,2
Nct Of Delhi,North West,0.7186096015960705,-2.071336087772658,-0.1295381078875773,1
Nct Of Delhi,North,-1.378862807264611,-0.5260854583596948,0.0349703973612943,2
Nct Of Delhi,North East,-0.3855387709238527,-1.2572929178896006,-0.0476893839250432,1
Nct Of Delhi,East,-0.719273118675777,-1.0127076307010805,-0.0112561076100636,2
Nct Of Delhi,New Delhi,-1.9553479463646948,-0.1011678847389929,0.0785130632871004,2
Nct Of Delhi,Central,-1.6186265913191369,-0.3492952689622574,0.0525661626336787,2
Nct Of Delhi,West,-0.0886542126810756,-1.4772762843760407,-0.0608855675795959,1
Nct Of Delhi,South West,-0.2731249540364017,-1.3414679482776628,-0.0456578863316496,1
Nct Of Delhi,South,0.0432141188171221,-1.5742217781770147,-0.0728632233207507,1
Rajasthan,Ganganagar,0.1550570449984308,0.1506933243470811,-0.0013165865488068,1
Rajasthan,Hanumangarh,-0.001231261780256,0.2659993963041112,0.0096204365936175,2
Rajasthan,Bikaner,0.3461418746493256,0.0119111678888958,-0.0322381746209278,1
Rajasthan,Churu,0.1576455804577385,0.1497229607383241,-0.0090049475979621,1
Rajasthan,Jhunjhunun,0.3109788248453467,0.0352919827120147,-0.0093055894932262,1
Rajasthan,Alwar,1.3094339207946355,-0.697223752942819,-0.112121821503051,1
Rajasthan,Bharatpur,0.5215048316480513,-0.1179389636073153,-0.0407444257329907,1
Rajasthan,Dhaulpur,-0.3972832180810112,0.5571437895668894,0.0457592700360483,2
Rajasthan,Karauli,-0.2392075471104868,0.4412888219553704,0.0285454573259966,2
Rajasthan,Sawai Madhopur,-0.3185220800005066,0.499469590881042,0.0367789940207716,2
Rajasthan,Dausa,-0.1040128563724011,0.3416561169653193,0.0181978134052767,2
Rajasthan,Jaipur,3.5235306441947887,-2.327981251063341,-0.2890749766492091,3
Rajasthan,Sikar,0.6599657206341544,-0.2206997374484306,-0.0455800305765278,1
Rajasthan,Nagaur,0.949208889015358,-0.4303133462222182,-0.096058085557283,1
Rajasthan,Jodhpur,1.2341156405055858,-0.6401629651688787,-0.1187793169793122,1
Rajasthan,Jaisalmer,-0.7941008355293707,0.8493081224092629,0.0783151420655293,2
Rajasthan,Barmer,0.3866482754002635,-0.015324106697495,-0.0562459153381724,1
Rajasthan,Jalor,-0.0898481967866639,0.3336773442363593,-0.0025452119262419,2
Rajasthan,Sirohi,-0.5695888790409559,0.6848858974927342,0.0528721705101586,2
Rajasthan,Pali,0.123174536524185,0.1757273204331671,-0.011166861195178,1
Rajasthan,Ajmer,0.5585837439438761,-0.1454565128733188,-0.0420482217533203,1
Rajasthan,Tonk,-0.2826595846425352,0.4735866319248833,0.0296694357617709,2
Rajasthan,Bundi,-0.4846188189885136,0.621760829597808,0.0504105003809715,2
Rajasthan,Bhilwara,0.3505662445575112,0.0091936213677224,-0.0369163904922553,1
Rajasthan,Rajsamand,-0.4496564143602596,0.595996912478938,0.0477194963057608,2
Rajasthan,Dungarpur,-0.3308845222964127,0.5095468803757214,0.0299998382082659,2
Rajasthan,Banswara,-0.101509123778124,0.3420464339241366,0.0001415102508568,2
Rajasthan,Chittaurgarh,-0.1989483494485223,0.4120899511087196,0.0217045790641737,2
Rajasthan,Kota,0.2040842911377415,0.1134148084531607,0.0041014222212759,1
Rajasthan,Baran,-0.3858702700189384,0.5487520667092503,0.0447328450607977,2
Rajasthan,Jhalawar,-0.2916606174953613,0.4802414306873959,0.0301871664571767,2
Rajasthan,Udaipur,0.767455261518755,-0.2964035946779809,-0.0818679831745099,1
Rajasthan,Pratapgarh,-0.6717498174342494,0.759679239338539,0.0646464434557317,2
Uttar Pradesh,Saharanpur,2.2293871714097,0.980083706191786,-1.431253642974634,0
Uttar Pradesh,Muzaffarnagar,2.6599237461254064,0.664421130383593,-1.4771883221790634,0
Uttar Pradesh,Bijnor,2.340179875063652,0.8994408800663759,-1.447778288276631,0
Uttar Pradesh,Moradabad,2.810468218514286,0.5595237206440593,-1.537038800563145,0
Uttar Pradesh,Rampur,1.2635509900325137,1.6936532532274002,-1.3716311554973042,0
Uttar Pradesh,Jyotiba Phule Nagar,1.0484616666001372,1.8491528244228277,-1.3310976028917756,0
Uttar Pradesh,Meerut,2.2551791166807473,0.9602886204972748,-1.4269342265696583,0
Uttar Pradesh,Baghpat,0.7519032032959637,2.0655950172751445,-1.291547612104522,0
Uttar Pradesh,Ghaziabad,3.233238157750512,0.2389907739624934,-1.4977167567188738,0
Uttar Pradesh,Gautam Buddha Nagar,1.051762933814239,1.8439725964946816,-1.309394966869182,0
Uttar Pradesh,Bulandshahr,2.217368012346834,0.9896190298004018,-1.4357496849091789,0
Uttar Pradesh,Aligarh,2.314193016521031,0.9189423036146644,-1.4485880670649005,0
Uttar Pradesh,Mahamaya Nagar,0.9252409971083336,1.9383532147977127,-1.308816330313595,0
Uttar Pradesh,Mathura,1.5878822391838894,1.4516801257456655,-1.3728412823076557,0
Uttar Pradesh,Agra,2.901220545112639,0.486048377744977,-1.4912828999508276,0
Uttar Pradesh,Firozabad,1.5772457793231718,1.4590268072177044,-1.3680958884209615,0
Uttar Pradesh,Mainpuri,1.176085734431019,1.7531691738531658,-1.3254408522041108,0
Uttar Pradesh,Budaun,2.027847590954582,1.1352977142063732,-1.4692748015140915,0
Uttar Pradesh,Bareilly,2.65273351507097,0.6741152533890349,-1.511762443995549,0
Uttar Pradesh,Pilibhit,1.160280026113819,1.767378118087378,-1.344695823627867,0
Uttar Pradesh,Shahjahanpur,1.7485276684095146,1.336788719761424,-1.4130863835177172,0
Uttar Pradesh,Kheri,2.4113581037205027,0.8504235719375505,-1.4807009589963869,0
Uttar Pradesh,Sitapur,2.714701728087101,0.6278162983391988,-1.5114625278364755,0
Uttar Pradesh,Hardoi,2.537334005614246,0.7562901827735161,-1.479997721371192,0
Uttar Pradesh,Unnao,1.9361336622624865,1.1965361003410413,-1.411502293455507,0
Uttar Pradesh,Lucknow,3.2014684760860916,0.2616985313958805,-1.4896500269578208,0
Uttar Pradesh,Rae Bareli,2.147881569014545,1.0407846241441292,-1.4300880984370643,0
Uttar Pradesh,Farrukhabad,1.1232187419603807,1.7933267155969643,-1.3309589281157936,0
Uttar Pradesh,Kannauj,0.9987169111929864,1.884151001585884,-1.3140116911443214,0
Uttar Pradesh,Etawah,0.9949410336348636,1.8859561020902555,-1.3059105273861036,0
Uttar Pradesh,Auraiya,0.8506593772207873,1.9920859949667136,-1.2932729374697356,0
Uttar Pradesh,Kanpur Dehat,1.1315244410028693,1.7858091815179078,-1.3204338038984775,0
Uttar Pradesh,Kanpur Nagar,3.2597444174067736,0.2175696115771017,-1.48466410706062,0
Uttar Pradesh,Jalaun,1.041871790010276,1.8520277480757552,-1.3147578089670298,0
Uttar Pradesh,Jhansi,1.2775098334764794,1.6783948090135934,-1.332970849469058,0
Uttar Pradesh,Lalitpur,0.6386248246121056,2.1500016063515783,-1.290271696243421,0
Uttar Pradesh,Hamirpur,0.601747192443856,2.1762101128217917,-1.2797075159650118,0
Uttar Pradesh,Mahoba,0.4297857904915825,2.3028787461013662,-1.266069774227716,0
Uttar Pradesh,Banda,1.0439192882791926,1.8520122934009795,-1.3268495297458391,0
Uttar Pradesh,Chitrakoot,0.4953267668911091,2.2550026766812006,-1.2744812070396667,0
Uttar Pradesh,Fatehpur,1.6218084924895717,1.427256224031717,-1.380059406826573,0
Uttar Pradesh,Pratapgarh,2.0571780387721637,1.1065349747498,-1.4144008891182944,0
Uttar Pradesh,Kaushambi,0.8695758465709074,1.9808786421194216,-1.3165637395380696,0
Uttar Pradesh,Allahabad,3.9909788198439737,-0.3154395752963276,-1.5876162737955892,0
Uttar Pradesh,Bara Banki,1.949310129038354,1.188716255707732,-1.4276199047329037,0
Uttar Pradesh,Faizabad,1.5295875375619103,1.4946376243645805,-1.368353874734292,0
Uttar Pradesh,Ambedkar Nagar,1.5217265640684552,1.4995514743927567,-1.3607248753501675,0
Uttar Pradesh,Sultanpur,2.437879202403791,0.8272602114436955,-1.4538140730947169,0
Uttar Pradesh,Bahraich,1.8770335048236224,1.2464740939890182,-1.45799417512279,0
Uttar Pradesh,Shrawasti,0.4845113642367707,2.264927610095977,-1.2892723369404668,0
Uttar Pradesh,Balrampur,1.101419617200435,1.813474333254538,-1.3619164800322665,0
Uttar Pradesh,Gonda,2.006639080723884,1.1478453522214564,-1.443020729350576,0
Uttar Pradesh,Siddharthnagar,1.4443727501822612,1.560225594055462,-1.3841144426743843,0
Uttar Pradesh,Basti,1.4968614302111558,1.5192604793566673,-1.3698856680777562,0
Uttar Pradesh,Sant Kabir Nagar,0.9873577592675294,1.89354847930572,-1.3213436934457237,0
Uttar Pradesh,Mahrajganj,1.5916226783866765,1.4507790125456406,-1.3879552320380428,0
Uttar Pradesh,Gorakhpur,2.919896223962884,0.4722539139532082,-1.4924622830798515,0
Uttar Pradesh,Kushinagar,2.2007204724815357,1.0031054139282678,-1.4442080157801689,0
Uttar Pradesh,Deoria,1.9873466036998304,1.1577571153137056,-1.407132995604935,0
Uttar Pradesh,Azamgarh,3.021760918235547,0.3977475162780052,-1.5047622974750865,0
Uttar Pradesh,Mau,1.3851233036852737,1.600027472540993,-1.3487129784825855,0
Uttar Pradesh,Ballia,2.085486340439162,1.085585497790893,-1.4158685628782128,0
Uttar Pradesh,Jaunpur,2.956213397697999,0.4455734572581604,-1.4959112217076258,0
Uttar Pradesh,Ghazipur,2.3501170180633975,0.8910630351856724,-1.4401110726600912,0
Uttar Pradesh,Chandauli,1.191638556014254,1.742602096975747,-1.3337811359987248,0
Uttar Pradesh,Varanasi,2.4805212948338395,0.7933751847750228,-1.437421745696081,0
Uttar Pradesh,Sant Ravidas Nagar (Bhadohi),0.9130165792403004,1.9477738033437364,-1.3111709085459695,0
Uttar Pradesh,Mirzapur,1.5273838429249855,1.496665141124111,-1.371409678721874,0
Uttar Pradesh,Sonbhadra,1.058086594137174,1.8421966979552924,-1.3329293858010172,0
Uttar Pradesh,Etah,1.0624555276243564,1.837665307848612,-1.3227815528224764,0
Uttar Pradesh,Kanshiram Nagar,0.7624400753942335,2.059507522924762,-1.3057616582566636,0
Bihar,Pashchim Champaran,0.7704647029271888,-1.0879096440379314,-0.7433388252744569,1
Bihar,Purba Champaran,1.474921663200159,-1.603617537129686,-0.8248018833802343,1
Bihar,Sheohar,-1.2231590633214646,0.3717790494285323,-0.5146161649482028,2
Bihar,Sitamarhi,0.4103935006508133,-0.8231441038128345,-0.7110521384348983,1
Bihar,Madhubani,1.1844569458719945,-1.392823804823875,-0.7764671051556185,1
Bihar,Supaul,-0.2447145213190016,-0.3451257282431633,-0.6228057469342738,2
Bihar,Araria,0.0565498825241128,-0.5644878380404655,-0.667096541708131,1
Bihar,Kishanganj,-0.5965402373724238,-0.0869676286420362,-0.5869077164502318,2
Bihar,Purnia,0.2962699486651589,-0.7391833039177181,-0.701171458399862,1
Bihar,Katihar,0.1971355984997801,-0.6670265773395141,-0.6863830984152229,1
Bihar,Madhepura,-0.434088672928807,-0.2052930997929205,-0.6104847804987609,2
Bihar,Saharsa,-0.4871098968242604,-0.1666665270165376,-0.6028479943703416,2
Bihar,Darbhanga,0.8016630184028565,-1.1114373308727443,-0.7414443651858539,1
Bihar,Muzaffarpur,1.4880787005303937,-1.617726242147817,-0.790546193293267,1
Bihar,Gopalganj,0.0637965075587793,-0.573451156406555,-0.6386990828052785,1
Bihar,Siwan,0.6378791376372096,-0.9962399736682496,-0.6849204960646248,1
Bihar,Saran,0.9878940918912964,-1.2518735061464386,-0.7301907141834686,1
Bihar,Vaishali,0.6968021998905015,-1.0384359009415192,-0.6992427501916314,1
Bihar,Samastipur,1.0944861992146702,-1.328038015565692,-0.7574433440418522,1
Bihar,Begusarai,0.3025352272521694,-0.7480282818794752,-0.6678650740749946,1
Bihar,Khagaria,-0.5930282565014026,-0.0899487315929592,-0.5840364757717986,2
Bihar,Bhagalpur,0.3402976579583729,-0.7756055171532842,-0.6727697111960758,1
Bihar,Banka,-0.3525152619695096,-0.2664343977614064,-0.6085355720067737,2
Bihar,Munger,-0.6855154792949198,-0.0242879673918349,-0.5569919564233378,2
Bihar,Lakhisarai,-0.9772670775523116,0.1909065827808548,-0.5361488468140196,2
Bihar,Sheikhpura,-1.206634982207001,0.3590219163718567,-0.5112490932644257,2
Bihar,Nalanda,0.2529921817925881,-0.7119134900605459,-0.6609059680286457,1
Bihar,Patna,2.3754761151125963,-2.273363223187271,-0.8451763892218923,1
Bihar,Bhojpur,0.2399422583529899,-0.7041460421559463,-0.6451245770355628,1
Bihar,Buxar,-0.4607523539236703,-0.1892892948383266,-0.5793054892968003,2
Bihar,Kaimur (Bhabua),-0.5271754120314115,-0.1402462679347852,-0.5749573538642063,2
Bihar,Rohtas,0.4319139429512225,-0.8458815779543063,-0.6577351659256567,1
Bihar,Aurangabad,0.0997512981921208,-0.6009105107690079,-0.6337615144127662,1
Bihar,Gaya,1.2245440486416674,-1.4244392284136091,-0.762969412261341,1
Bihar,Nawada,-0.2177410728175055,-0.3656345380595309,-0.619831371762837,2
Bihar,Jamui,-0.5104419149473137,-0.1510084569398871,-0.5887822250820982,2
Bihar,Jehanabad,-0.8721080440948584,0.1132323026982569,-0.5427865391518554,2
Bihar,Arwal,-1.152214017853003,0.3188263242517513,-0.5146978219784266,2
Sikkim,North  District,-2.023085418354847,-0.0263812080368436,0.1055830033396219,2
Sikkim,West District,-1.9554285672585856,-0.0761775173769112,0.0998939997688642,2
Sikkim,South District,-1.944520251823067,-0.0842696155645025,0.0994837279827364,2
Sikkim,East District,-1.836944033228967,-0.1635968154480181,0.0916345815904352,2
Arunachal Pradesh,Tawang,-2.0360072543407832,-0.0413727397448134,0.0830978492083416,2
Arunachal Pradesh,West Kameng,-2.011568575720355,-0.0593532625902743,0.0809896894999142,2
Arunachal Pradesh,East Kameng,-2.018839419705051,-0.0539359739703003,0.0810747926614397,2
Arunachal Pradesh,Papum Pare,-1.9388673323673336,-0.1129604137308908,0.0756605236170463,2
Arunachal Pradesh,Upper Subansiri,-2.0134585805694356,-0.0579329416360211,0.0809148362191954,2
Arunachal Pradesh,West Siang,-1.992485022124145,-0.0733686159637701,0.0791421927610874,2
Arunachal Pradesh,East Siang,-1.9984578225995175,-0.0690407364856698,0.0801892681910488,2
Arunachal Pradesh,Upper Siang,-2.045599052155446,-0.0343341910414565,0.0840733058286857,2
Arunachal Pradesh,Changlang,-1.974740275878646,-0.0862662658561355,0.0763498038583713,2
Arunachal Pradesh,Tirap,-2.001496973450782,-0.0665671192508707,0.0785527265697329,2
Arunachal Pradesh,Lower Subansiri,-2.008953516398021,-0.0613409397968954,0.0812729439744179,2
Arunachal Pradesh,Kurung Kumey,-2.0148761371024073,-0.0567417381626689,0.0798523812780754,2
Arunachal Pradesh,Dibang Valley,-2.0629851985386676,-0.0215865502008048,0.0859251102241501,2
Arunachal Pradesh,Lower Dibang Valley,-2.0314270777008128,-0.0447742222048641,0.082955771223526,2
Arunachal Pradesh,Lohit,-1.970415190284062,-0.089567469985306,0.0769282069900005,2
Arunachal Pradesh,Anjaw,-2.055178350622513,-0.0272980317272019,0.0849932870319358,2
Nagaland,Mon,-1.9123983687845196,-0.1318676720643002,0.0692147393552866,2
Nagaland,Mokokchung,-1.911777563124716,-0.133114754658615,0.0754771100593445,2
Nagaland,Zunheboto,-1.9617086059018312,-0.0961611027186799,0.0780472348849288,2
Nagaland,Wokha,-1.9388214850803052,-0.1130871891193183,0.0767690349197515,2
Nagaland,Dimapur,-1.7808687203563769,-0.2293985618780525,0.0639358307485674,2
Nagaland,Phek,-1.9517447165691888,-0.1033686895223039,0.0762027740316243,2
Nagaland,Tuensang,-1.9333309299672687,-0.1168103903210118,0.0737667179753281,2
Nagaland,Longleng,-2.0337885651441523,-0.0429902216450094,0.083156314050942,2
Nagaland,Kiphire,-2.019070056994837,-0.0537764036375787,0.08154446100888,2
Nagaland,Kohima,-1.864529055590031,-0.1677698210481746,0.0705416652237361,2
Nagaland,Peren,-2.00010786300807,-0.067799590340666,0.0804835869322998,2
Manipur,Senapati,-1.7487523592406549,-0.2470185351813595,0.0510164195534502,2
Manipur,Tamenglong,-1.968960884897178,-0.0854555084659153,0.0736346975020363,2
Manipur,Churachandpur,-1.860807877043295,-0.1652636250893185,0.0661877110533115,2
Manipur,Bishnupur,-1.89539028656074,-0.1396615241208137,0.067904844466411,2
Manipur,Thoubal,-1.7672246217205567,-0.2338656149770187,0.0561091267060654,2
Manipur,Imphal West,-1.6663992779821806,-0.3086668960274005,0.0523663610574656,2
Manipur,Imphal East,-1.725312057038864,-0.2650424821397542,0.0552115249265824,2
Manipur,Ukhrul,-1.9291699855168756,-0.1148986140074475,0.0715394529165321,2
Manipur,Chandel,-1.9648466171666863,-0.0885131451874037,0.0735243574283689,2
Mizoram,Mamit,-2.00410731030004,-0.0641262364315809,0.0806142669665734,2
Mizoram,Kolasib,-2.001969249324264,-0.0657745622294589,0.0810313345398633,2
Mizoram,Aizawl,-1.7393929399177697,-0.2596427849674819,0.0638166834613884,2
Mizoram,Champhai,-1.9680159362991596,-0.090830996679257,0.0787066549180992,2
Mizoram,Serchhip,-2.0150502599083233,-0.0561620181265138,0.0822531149706696,2
Mizoram,Lunglei,-1.944058928168274,-0.1084238084851286,0.076373716301787,2
Mizoram,Lawngtlai,-1.9910509461006407,-0.0735451510492165,0.0779921363182421,2
Mizoram,Saiha,-2.0246353111970805,-0.0490405242804231,0.0825254667385111,2
Tripura,West Tripura,-0.6684370757078899,-0.9604884492480216,-0.0576066643058064,2
Tripura,South Tripura,-1.361354806873584,-0.4490943185584934,-0.010512409113583,2
Tripura,Dhalai,-1.7417954094662842,-0.1687545458021294,0.0188352704671718,2
Tripura,North Tripura,-1.495649787310393,-0.3502234910090841,0.0005561667580786,2
Meghalaya,West Garo Hills,-1.640135943995512,-0.3313158644682848,0.0436015218091374,2
Meghalaya,East Garo Hills,-1.8486450779497696,-0.1784044645688091,0.0655614935104099,2
Meghalaya,South Garo Hills,-1.9718880179424836,-0.0877894423785446,0.0766706093733394,2
Meghalaya,West Khasi Hills,-1.803999582013394,-0.2112031924867188,0.0613205109922008,2
Meghalaya,Ribhoi,-1.8897128328574395,-0.148217128579192,0.0693268531354751,2
Meghalaya,East Khasi Hills,-1.4563115795550083,-0.4675824064104918,0.0358918275336922,2
Meghalaya,Jaintia Hills,-1.822596162747904,-0.1969962159191843,0.0587314073251142,2
Assam,Kokrajhar,-1.1359061241531958,0.0603190736241368,-0.3280170952071867,2
Assam,Dhubri,-0.5139967619122312,-0.3944799636315748,-0.4037598723446562,2
Assam,Goalpara,-1.0518047438913969,-0.0014998086063929,-0.3357346586868767,2
Assam,Barpeta,-0.6217834016656891,-0.3166570635347887,-0.3826337665997739,2
Assam,Morigaon,-1.0831080544980685,0.021429915406692,-0.3322241094264773,2
Assam,Nagaon,0.2272506276990351,-0.9420253575988742,-0.4502827929170415,1
Assam,Sonitpur,-0.4244398479322485,-0.4624636572035191,-0.394758706171279,2
Assam,Lakhimpur,-0.9756301040216538,-0.0585507119408805,-0.3342651340181506,2
Assam,Dhemaji,-1.245284393367776,0.1401080648702078,-0.3131074476951319,2
Assam,Tinsukia,-0.8091820059165743,-0.1802519716078377,-0.3547076372037641,2
Assam,Dibrugarh,-0.7640158436152505,-0.2143830197076625,-0.3514076495966408,2
Assam,Sivasagar,-0.8664185933258455,-0.1395020019441685,-0.3388914093300143,2
Assam,Jorhat,-0.8979814074594292,-0.1164886840887272,-0.3345007204261745,2
Assam,Golaghat,-0.9461776060711232,-0.0804465443115697,-0.3349962070280273,2
Assam,Karbi Anglong,-1.074329635256006,0.0147850693382725,-0.3314932802969293,2
Assam,Dima Hasao,-1.5692854777444982,0.3781856804335247,-0.2827361020149235,2
Assam,Cachar,-0.4588596105139494,-0.4390930504882293,-0.3761789408715142,2
Assam,Karimganj,-0.8474230115448479,-0.1527611897654568,-0.3462569646488182,2
Assam,Hailakandi,-1.2635037157889009,0.1534916069236081,-0.3113667756553237,2
Assam,Bongaigaon,-1.2199762335685933,0.1217325121902527,-0.317245990940958,2
Assam,Chirang,-1.4071577469137806,0.259499057968065,-0.3014950597585785,2
Assam,Kamrup,-0.6346321994624768,-0.309416854464955,-0.3638388509526097,2
Assam,Kamrup Metropolitan,-0.7288250107342261,-0.2419712483932861,-0.3408824661486648,2
Assam,Nalbari,-1.1560055976774175,0.0738822217272572,-0.3164948981275019,2
Assam,Baksa,-1.0683406355908784,0.0101750174898643,-0.3303820202677655,2
Assam,Darrang,-1.1218414913356416,0.0502762042826856,-0.3316681534689901,2
Assam,Udalguri,-1.16666954595413,0.0827751433044731,-0.3239422780401862,2
West Bengal,Darjiling,-0.2002681441322095,-0.4088701559809062,0.3110957015742496,2
West Bengal,Jalpaiguri,1.1756067071948728,-1.419568610459112,0.1797158637496096,1
West Bengal,Koch Bihar,0.4425454263392103,-0.8807125685389776,0.2468419511883129,1
West Bengal,Uttar Dinajpur,0.3204525531713495,-0.7858796144127663,0.2173822759620977,1
West Bengal,Dakshin Dinajpur,-0.3863041709994347,-0.2707643724329698,0.3173017267823231,2
West Bengal,Maldah,0.9995780112380048,-1.2850120161032537,0.1545821981695741,1
West Bengal,Murshidabad,3.1947059924920764,-2.899165114130192,-0.0418987670082114,3
West Bengal,Birbhum,0.8582297575275573,-1.1850724142512237,0.1991889898322496,1
West Bengal,Barddhaman,4.053583933260613,-3.539190595385115,-0.0511430416808505,3
West Bengal,Nadia,2.174632177992282,-2.1559054775499136,0.1040333635301935,1
West Bengal,North Twenty Four Parganas,6.153090506609661,-5.092640443616287,-0.1622632216293111,3
West Bengal,Hugli,2.6216989233205013,-2.4886056284653706,0.0956365511979979,1
West Bengal,Bankura,0.932593525236959,-1.239912080601112,0.1937909610262873,1
West Bengal,Puruliya,0.3637972689724953,-0.8196901750896316,0.2289877086161171,1
West Bengal,Haora,2.1235582658164276,-2.1217774493695045,0.1360027184214681,1
West Bengal,Kolkata,1.9840655772046072,-2.0213772631627065,0.1658585859335502,1
West Bengal,South Twenty Four Parganas,4.368601824166326,-3.7708707776834567,-0.0790463504355786,3
West Bengal,Paschim Medinipur,2.767271788485855,-2.593024281874384,0.0616203441509916,3
West Bengal,Purba Medinipur,2.383081257619928,-2.3143261170239735,0.126458723683791,1
Jharkhand,Garhwa,-1.0021143680526257,-0.3263940558160335,0.0885118014378867,2
Jharkhand,Chatra,-1.1815547240623905,-0.1947988094014434,0.107397445925754,2
Jharkhand,Kodarma,-1.3657180106708633,-0.060290524413438,0.1311802243305076,2
Jharkhand,Giridih,-0.2692301508456647,-0.8641521943741168,0.0136681753840054,1
Jharkhand,Deoghar,-0.8652848551265795,-0.4273574769702978,0.079045336019098,2
Jharkhand,Godda,-1.0315061773072922,-0.3043269899181925,0.0875123984598752,2
Jharkhand,Sahibganj,-1.156027100569354,-0.2125706216575975,0.0971248104877175,2
Jharkhand,Pakur,-1.3175670099833865,-0.0940773186644793,0.1139217794386659,2
Jharkhand,Dhanbad,0.0677747586246387,-1.115309525856592,0.0102434132582611,1
Jharkhand,Bokaro,-0.4000289267704691,-0.7707344757621327,0.0474571322495724,2
Jharkhand,Lohardaga,-1.528939041509609,0.0594118503495369,0.148344353063307,2
Jharkhand,Purbi Singhbhum,-0.190249711376393,-0.9259168781996576,0.0360686484118656,1
Jharkhand,Palamu,-0.5773668612747132,-0.6385247266975584,0.0488890880511702,2
Jharkhand,Latehar,-1.382760895571828,-0.0472700782781224,0.128804033797627,2
Jharkhand,Hazaribagh,-0.6591853918686257,-0.5796094592214984,0.0661915537289858,2
Jharkhand,Ramgarh,-1.170174107737971,-0.204700339610994,0.1186295253538878,2
Jharkhand,Dumka,-0.9925612615674332,-0.3336271782926008,0.0893221095311056,2
Jharkhand,Jamtara,-1.3189718082921724,-0.0945464372250791,0.1260516625455784,2
Jharkhand,Ranchi,0.2530242397033814,-1.251992971795256,-0.0026367383307947,1
Jharkhand,Khunti,-1.4898650497542438,0.030884290847114,0.14320954736881,2
Jharkhand,Gumla,-1.1617226749894538,-0.2100228590070778,0.1107437673079888,2
Jharkhand,Simdega,-1.4336113570567377,-0.010650698455515,0.1395306776354252,2
Jharkhand,Pashchimi Singhbhum,-0.8965121841420592,-0.4036315198046721,0.0757394925584899,2
Jharkhand,Saraikela-Kharsawan,-1.118740520728649,-0.241924962037382,0.1092607890921589,2
Orissa,Bargarh,-0.9994300900056567,-0.8043281615923645,-0.0051230285560957,2
Orissa,Jharsuguda,-1.6390276828281174,-0.3339280723999922,0.0514707493343451,2
Orissa,Sambalpur,-1.310569612897873,-0.5755175229693449,0.0225741564393401,2
Orissa,Debagarh,-1.8480109136210656,-0.1798419012365423,0.0668709716307913,2
Orissa,Sundargarh,-0.5831522525882594,-1.110131258697632,-0.0447830711032205,2
Orissa,Kendujhar,-0.8446453245492919,-0.9167362768761812,-0.0302490346507108,2
Orissa,Mayurbhanj,-0.4114136053420711,-1.2338624254842143,-0.0805666186567837,1
Orissa,Baleshwar,-0.3512925606325787,-1.2820513817000745,-0.0541426978890207,1
Orissa,Bhadrak,-0.9316001765531308,-0.8552013641100186,-0.0032385248420939,2
Orissa,Kendrapara,-0.9585425510424282,-0.8357777884313509,0.0022743561995198,2
Orissa,Jagatsinghapur,-1.1768132236872189,-0.6751871226642204,0.021102159286104,2
Orissa,Cuttack,-0.0319783684766191,-1.518940763035057,-0.0660481493510312,1
Orissa,Jajapur,-0.708964399714811,-1.0188441864489322,-0.0237169347948909,2
Orissa,Dhenkanal,-1.1875756803272373,-0.666278404596944,0.0141162356031077,2
Orissa,Anugul,-1.1366822149115925,-0.703579160199147,0.0085782435150925,2
Orissa,Nayagarh,-1.3476134375219373,-0.5486380234891248,0.0287675926418232,2
Orissa,Khordha,-0.3084023332713675,-1.3154045366532905,-0.0434811748990794,1
Orissa,Puri,-0.7555984804522281,-0.9854238039842602,-0.0125801473080551,2
Orissa,Ganjam,0.4073349174841494,-1.838050080349697,-0.1367994413609558,1
Orissa,Gajapati,-1.7157281772989563,-0.2760287177849487,0.0463580423475166,2
Orissa,Kandhamal,-1.5855582548835638,-0.3721586994932314,0.0379958128970306,2
Orissa,Baudh,-1.761357851633701,-0.2434814497852323,0.0584801023635221,2
Orissa,Subarnapur,-1.631661171431916,-0.3390620204139573,0.0485505867065622,2
Orissa,Balangir,-0.9675072249502756,-0.8260894274329293,-0.0216675207408908,2
Orissa,Nuapada,-1.684151164217291,-0.2994196477792876,0.0449003284874952,2
Orissa,Kalahandi,-1.060594667115224,-0.7568002259221874,-0.0200387690611247,2
Orissa,Rayagada,-1.49466269920439,-0.4375171660034569,0.0180312545093941,2
Orissa,Nabarangapur,-1.3680072308912992,-0.5296258812084708,-0.0014999207361938,2
Orissa,Koraput,-1.2575636548264402,-0.6108111760598306,-0.0116065607902941,2
Orissa,Malkangiri,-1.712133138793204,-0.2782488095073574,0.0426521509163717,2
Chhattisgarh,Koriya,-1.3971832382370386,-0.0459429682528325,-0.0557322399893625,2
Chhattisgarh,Surguja,-0.3499237374530445,-0.8130232849159151,-0.1734894010247349,1
Chhattisgarh,Jashpur,-1.2742329063416158,-0.1360968588558889,-0.0687808071567132,2
Chhattisgarh,Raigarh,-0.7949861212450423,-0.489031583151819,-0.1074569502514794,2
Chhattisgarh,Korba,-1.0087356347467915,-0.3316307729845142,-0.0901103456993415,2
Chhattisgarh,Janjgir - Champa,-0.7124878390259001,-0.5495743403358547,-0.1158086916307156,2
Chhattisgarh,Bilaspur,-0.0209265695210816,-1.0572278617162278,-0.1847034494438786,1
Chhattisgarh,Kabeerdham,-1.3281126182885177,-0.0958154266473664,-0.0692471416962311,2
Chhattisgarh,Rajnandgaon,-0.7489434818494722,-0.5231986707058276,-0.109097952587883,2
Chhattisgarh,Durg,0.6053216465301828,-1.5206451422741147,-0.2174588798016932,1
Chhattisgarh,Raipur,1.0443276057599524,-1.8421039971417017,-0.267600368732548,1
Chhattisgarh,Mahasamund,-1.131729484146517,-0.2411801224484623,-0.0791737113126222,2
Chhattisgarh,Dhamtari,-1.2660977396166524,-0.1429662100148672,-0.0624182490292733,2
Chhattisgarh,Uttar Bastar Kanker,-1.333051745274247,-0.0931147798320418,-0.0613628684099041,2
Chhattisgarh,Bastar,-0.9844418052998324,-0.3470877458426527,-0.1115212789498672,2
Chhattisgarh,Narayanpur,-1.7698973388677115,0.22826356933814,-0.0234666039928888,2
Chhattisgarh,Dakshin Bastar Dantewada,-1.5530734409635576,0.0700303845474496,-0.052502847354626,2
Chhattisgarh,Bijapur,-1.711213412207032,0.1855607687522107,-0.0323115176873602,2
Madhya Pradesh,Sheopur,-1.2647512583699965,0.2002486297461624,-0.1511036893071677,2
Madhya Pradesh,Morena,-0.3409275516244692,-0.4795299169885381,-0.2301233473655348,2
Madhya Pradesh,Bhind,-0.4829907731687862,-0.3759244171914291,-0.210547108760515,2
Madhya Pradesh,Gwalior,-0.2223196483183022,-0.5681765505877814,-0.2293105338746947,1
Madhya Pradesh,Datia,-1.1415113716084506,0.1085631792230858,-0.1536402687823702,2
Madhya Pradesh,Shivpuri,-0.5774850124265776,-0.3042415524625576,-0.219654451261855,2
Madhya Pradesh,Tikamgarh,-0.7623266057458158,-0.1685811715542732,-0.2010319110611528,2
Madhya Pradesh,Chhatarpur,-0.5416853130384652,-0.3307687918888361,-0.2212406101331058,2
Madhya Pradesh,Panna,-1.0242576785400237,0.0232290467434054,-0.171220165938844,2
Madhya Pradesh,Sagar,0.0056112185674066,-0.7354605095127568,-0.2522809491553054,1
Madhya Pradesh,Damoh,-0.8292425397124199,-0.1205784196466535,-0.1854299630355336,2
Madhya Pradesh,Satna,-0.1419010397896228,-0.6261531673607225,-0.2457623866397984,1
Madhya Pradesh,Rewa,-0.0544944858272468,-0.6902564256981509,-0.2549428008309894,1
Madhya Pradesh,Umaria,-1.26545859856846,0.2001798799663651,-0.1463343353822911,2
Madhya Pradesh,Neemuch,-1.117769950027442,0.0911839510473311,-0.1563938858065923,2
Madhya Pradesh,Mandsaur,-0.7550077008375412,-0.17557359477244,-0.188816064364646,2
Madhya Pradesh,Ratlam,-0.7173050213764238,-0.2024422175598351,-0.1990271019329929,2
Madhya Pradesh,Ujjain,-0.3006775078869238,-0.5096338317964588,-0.2296769610696936,2
Madhya Pradesh,Shajapur,-0.6595587337768618,-0.2452454025491919,-0.2014759074422278,2
Madhya Pradesh,Dewas,-0.6243955736733847,-0.2710861894472696,-0.2047502998366281,2
Madhya Pradesh,Dhar,-0.3140996464192056,-0.4967150467968696,-0.2528418384852194,2
Madhya Pradesh,Indore,0.7423687598855738,-1.2792833235484082,-0.3017667324801322,1
Madhya Pradesh,Khargone (West Nimar),-0.4779026449217274,-0.3773883678979151,-0.2292033616819788,2
Madhya Pradesh,Barwani,-0.8893056425600766,-0.0735179419190424,-0.2031813322945933,2
Madhya Pradesh,Rajgarh,-0.695289104006134,-0.2177989459774517,-0.2076492791375861,2
Madhya Pradesh,Vidisha,-0.6962424802648137,-0.2182950680713339,-0.1979967488000351,2
Madhya Pradesh,Bhopal,0.0639003568564073,-0.7795829876296351,-0.2474252402360952,1
Madhya Pradesh,Sehore,-0.7945237162076982,-0.1461384974303017,-0.1882967604462138,2
Madhya Pradesh,Raisen,-0.7658886538743495,-0.1674797655531004,-0.1885828682008119,2
Madhya Pradesh,Betul,-0.6124534282781525,-0.2799417860843821,-0.2052268335801154,2
Madhya Pradesh,Harda,-1.2950715430852842,0.221503889120275,-0.1400763282498739,2
Madhya Pradesh,Hoshangabad,-0.8042856688883151,-0.1397453325726366,-0.1811485914035548,2
Madhya Pradesh,Katni,-0.796119075682366,-0.1452035349985962,-0.186250707275047,2
Madhya Pradesh,Jabalpur,0.1487795289035002,-0.8423922796953917,-0.2518681995699546,1
Madhya Pradesh,Narsimhapur,-0.908225330660898,-0.0633429291743799,-0.1716213882037307,2
Madhya Pradesh,Dindori,-1.2316974252678774,0.1755199932790132,-0.1506817321463232,2
Madhya Pradesh,Mandla,-0.9822754884576788,-0.0079382939960943,-0.1726092781762628,2
Madhya Pradesh,Chhindwara,-0.2340249084975209,-0.5585132353940488,-0.2367021177820103,1
Madhya Pradesh,Seoni,-0.7250027234873136,-0.1976912532568928,-0.1910704676090838,2
Madhya Pradesh,Balaghat,-0.4555000557510338,-0.3967032421920795,-0.2085008979815381,2
Madhya Pradesh,Guna,-0.8873711742055028,-0.0769981460104717,-0.1869102024358877,2
Madhya Pradesh,Ashoknagar,-1.1318382872360735,0.1020739571041276,-0.1594906149437563,2
Madhya Pradesh,Shahdol,-0.9785641254460216,-0.0105849777099352,-0.1736000460898657,2
Madhya Pradesh,Anuppur,-1.184471861223857,0.1404814573825041,-0.1524158037140907,2
Madhya Pradesh,Sidhi,-0.9578663662733952,-0.0253627450021654,-0.1789849507955711,2
Madhya Pradesh,Singrauli,-0.9473002144088108,-0.0326253897253487,-0.183982471387766,2
Madhya Pradesh,Jhabua,-1.12751131574694,0.1013238036421388,-0.1793101676698218,2
Madhya Pradesh,Alirajpur,-1.3123363619696882,0.2367595615468341,-0.1589912729847379,2
Madhya Pradesh,Khandwa (East Nimar),-0.8208649006847565,-0.1262638418889871,-0.1899753373496082,2
Madhya Pradesh,Burhanpur,-1.1961096279535188,0.149390545627857,-0.1541826489316148,2
Gujarat,Kachchh,0.19452901002845,0.0149009372698228,0.2462752179676629,1
Gujarat,Banas Kantha,0.8142798241687629,-0.438743323289799,0.1741817923872298,1
Gujarat,Patan,-0.3017720055608244,0.379227514801887,0.2956577470282191,2
Gujarat,Mahesana,0.3062322379448273,-0.0702571302047951,0.2604019724697448,1
Gujarat,Sabar Kantha,0.4918853399940328,-0.2049547352814298,0.2292440130579571,1
Gujarat,Gandhinagar,-0.1818353202507681,0.2893249665304245,0.298579777008605,2
Gujarat,Ahmadabad,4.3055800504754,-3.0180538433764563,-0.0421198843992413,3
Gujarat,Surendranagar,-0.0137680503655183,0.1675021062015664,0.2694491828862571,2
Gujarat,Rajkot,1.608223014730842,-1.0287478417798688,0.1525913477103953,1
Gujarat,Jamnagar,0.2960788650491479,-0.0608402079444787,0.2457209886931852,1
Gujarat,Porbandar,-0.8174660278660106,0.7580644201506869,0.3447783627466214,2
Gujarat,Junagadh,0.7481403233791527,-0.3940752269273338,0.2118004741993614,1
Gujarat,Amreli,-0.1552322323697153,0.2709473868994884,0.2867319847689243,2
Gujarat,Bhavnagar,0.8224027963053584,-0.4482367344214804,0.2015872606830203,1
Gujarat,Anand,0.3533233799391217,-0.1050127573242608,0.2572089894925275,1
Gujarat,Kheda,0.4876344141039856,-0.2035448072638568,0.243337299182975,1
Gujarat,Panch Mahals,0.404722212287856,-0.1396594840196849,0.2274463601253483,1
Gujarat,Dohad,0.0772341268074926,0.1039657166717697,0.2342874120813278,1
Gujarat,Vadodara,1.8306882328794083,-1.191699364481277,0.1276059620367885,1
Gujarat,Narmada,-0.8280649295543965,0.766136351829851,0.3435038549973175,2
Gujarat,Bharuch,-0.0764528946576882,0.2119696733969211,0.2880601612123552,2
Gujarat,The Dangs,-1.0834341403704328,0.9539233140828688,0.3663198301530943,2
Gujarat,Navsari,-0.2199237084367352,0.3172203134866349,0.3028868654663937,2
Gujarat,Valsad,0.0084401227737239,0.1500232057614288,0.2766393455164087,2
Gujarat,Surat,3.428623990489476,-2.371637850527151,0.0239074114487667,3
Gujarat,Tapi,-0.6845313680713794,0.6607736734981224,0.3291981553552056,2
Daman And Diu,Diu,-2.02894605134131,-0.0468457268338225,0.0834788689156962,2
Daman And Diu,Daman,-1.9180008840438072,-0.128684006563212,0.0755980962032201,2
Dadra And Nagar Haveli,Dadra AND Nagar Haveli,-1.823010865262462,-0.1982852618037115,0.0651124852618578,2
Maharashtra,Nandurbar,1.4430988861720853,2.294364621839029,1.5569838192279013,4
Maharashtra,Dhule,1.7973188344329252,2.0324945543182116,1.5364661398010129,4
Maharashtra,Jalgaon,3.449821058440745,0.8150322064628166,1.4070996904913131,4
Maharashtra,Buldana,2.305951567133921,1.6558724651084749,1.5117729788707222,4
Maharashtra,Akola,1.7721369458601204,2.048196983986048,1.561213603129634,4
Maharashtra,Washim,1.257141722084549,2.4284860051770973,1.5945606630482694,4
Maharashtra,Amravati,2.6149396915210743,1.4267566274222512,1.4993498782076975,4
Maharashtra,Wardha,1.374758220206049,2.341113283316808,1.591107670885097,4
Maharashtra,Nagpur,4.021212011123719,0.3894530771325776,1.3992353907346895,4
Maharashtra,Bhandara,1.274205358509841,2.4156442220909153,1.5953852668962192,4
Maharashtra,Gondiya,1.3747057360234236,2.341456918124748,1.5886746324023693,4
Maharashtra,Gadchiroli,1.125544543839791,2.526128502095816,1.5993505422104364,4
Maharashtra,Chandrapur,2.005064219216244,1.877754995158326,1.5336723632525096,4
Maharashtra,Yavatmal,2.4503832557271084,1.5494030156588028,1.5009538719531073,4
Maharashtra,Nanded,2.7563462557702674,1.3265828385266687,1.4562667143138242,4
Maharashtra,Hingoli,1.207806193143447,2.4654662236487863,1.5933656890975605,4
Maharashtra,Parbhani,1.645799543877975,2.143915187861762,1.5500020124895812,4
Maharashtra,Jalna,1.7112038662600757,2.096242862549179,1.540777627965193,4
Maharashtra,Aurangabad,3.0487245428224665,1.1105392654968318,1.4384697852602355,4
Maharashtra,Nashik,4.914237048716456,-0.2646118224558055,1.298467923951658,3
Maharashtra,Thane,8.802845625821458,-3.1319441346853467,1.0135776084850328,3
Maharashtra,Mumbai Suburban,7.828244462959345,-2.4197652245920587,1.1366046081493135,3
Maharashtra,Mumbai,2.824127881627885,1.271536253692059,1.4917908558611752,4
Maharashtra,Raigarh,2.355557442756041,1.619081523627944,1.5098424782201267,4
Maharashtra,Pune,7.6406951291789404,-2.2771176480462367,1.1155432039610311,3
Maharashtra,Ahmadnagar,3.7034509383564633,0.6278766513754226,1.3896145515546583,4
Maharashtra,Bid,2.2198613022037423,1.7208695219087191,1.5059577232378898,4
Maharashtra,Latur,2.1355542008433863,1.7827065118329233,1.514757896409538,4
Maharashtra,Osmanabad,1.5692857160095266,2.199200201754256,1.5646681528534632,4
Maharashtra,Solapur,3.492221524842793,0.7842407491652332,1.400211301885624,4
Maharashtra,Satara,2.643605856155984,1.4067211579903474,1.4884429346588322,4
Maharashtra,Ratnagiri,1.586278319348645,2.1857730792292367,1.5705942712632683,4
Maharashtra,Sindhudurg,1.020667503274368,2.602206559680041,1.617062087004017,4
Maharashtra,Kolhapur,3.284124604997162,0.9352129227986016,1.4352093480446295,4
Maharashtra,Sangli,2.483038259091157,1.525439016905491,1.4976446212134793,4
Andhra Pradesh,Adilabad,0.2305269872163035,-0.699907694024452,0.2640737923616215,1
Andhra Pradesh,Nizamabad,0.1107801451979003,-0.6121331892714574,0.2770254169027294,1
Andhra Pradesh,Karimnagar,0.9965889473325682,-1.2639473061775728,0.2013223742798581,1
Andhra Pradesh,Medak,0.4199593104989499,-0.838878744354096,0.2445204820054624,1
Andhra Pradesh,Hyderabad,1.4219869662720852,-1.5828642338169452,0.2120510789083596,1
Andhra Pradesh,Rangareddy,2.2643915169729936,-2.2001029410671635,0.1189855032922715,1
Andhra Pradesh,Mahbubnagar,0.9574803949277828,-1.2305418787761857,0.1676819168517366,1
Andhra Pradesh,Nalgonda,0.78124154352152,-1.1053414178306762,0.2185715025444452,1
Andhra Pradesh,Warangal,0.823984622088409,-1.1372878446908548,0.2188690462388669,1
Andhra Pradesh,Khammam,0.329206568996028,-0.7736437533014456,0.2646197746507965,1
Andhra Pradesh,Srikakulam,0.2228400859694105,-0.6946359608935989,0.2678042688240862,1
Andhra Pradesh,Vizianagaram,-0.0459482668012352,-0.4966679974779932,0.2893164708527321,1
Andhra Pradesh,Visakhapatnam,1.3782701267125892,-1.5449924561556452,0.1702105206961476,1
Andhra Pradesh,East Godavari,2.079414310652224,-2.0624036728684203,0.1221233463934259,1
Andhra Pradesh,West Godavari,1.2923868136671028,-1.485081227183417,0.2038039649489609,1
Andhra Pradesh,Krishna,1.6963019547423868,-1.7819923337013062,0.1668385906877257,1
Andhra Pradesh,Guntur,1.8068872258863704,-1.860323194501203,0.1330754169497378,1
Andhra Pradesh,Prakasam,0.6962546475532811,-1.04243864687904,0.2229100991012298,1
Andhra Pradesh,Sri Potti Sriramulu Nellore,0.4977400865007954,-0.8985929137381814,0.2576913878191976,1
Andhra Pradesh,Y.S.R.,0.4065468489429451,-0.8308595165674278,0.2604526519191694,1
Andhra Pradesh,Kurnool,1.056631994027341,-1.3054134694122603,0.1744864693612658,1
Andhra Pradesh,Anantapur,1.1644014299026777,-1.3864119392538088,0.1788405455871754,1
Andhra Pradesh,Chittoor,1.388132087574501,-1.5540699917735177,0.1839178414707648,1
Karnataka,Belgaum,2.7677720795285636,-0.589363146598638,0.2739320879167892,1
Karnataka,Bagalkot,0.672059575683006,0.9528610242588478,0.4521270508054656,4
Karnataka,Bijapur,0.8497927641128317,0.822662444304659,0.4322647938349254,4
Karnataka,Bidar,0.5656868545505582,1.0305838967111185,0.4656171905011382,4
Karnataka,Raichur,0.6155488399313319,0.9960833814140686,0.4438548316503861,4
Karnataka,Koppal,0.3260281895732236,1.2071866871223125,0.4840834207301077,4
Karnataka,Gadag,0.1481234987984162,1.3369864448868547,0.5081560332213562,4
Karnataka,Dharwad,0.7561990961442344,0.8887225364468581,0.4627190585081609,4
Karnataka,Uttara Kannada,0.488267227883255,1.0853273190198314,0.4900153866469986,4
Karnataka,Haveri,0.5493926020244736,1.0414114786137807,0.4762989735138132,4
Karnataka,Bellary,1.0434117825653726,0.6802948825142073,0.4148771618017801,4
Karnataka,Chitradurga,0.5732360318876858,1.0242695940901176,0.4710400522038084,4
Karnataka,Davanagere,0.7962001064392227,0.8598918709832741,0.4544759965057861,4
Karnataka,Shimoga,0.7008873114360916,0.9291744550292164,0.4694339258313429,4
Karnataka,Udupi,0.3098412988849933,1.2164375040938384,0.5067253974266505,4
Karnataka,Chikmagalur,0.23793227368868,1.2701909063403125,0.5061594822783148,4
Karnataka,Tumkur,1.3349098311269374,0.4633269528892484,0.4097186616668947,4
Karnataka,Bangalore,6.922385009356462,-3.659131273621592,0.0198435186309803,3
Karnataka,Mandya,0.6602897173159378,0.9605746818824068,0.460701530758481,4
Karnataka,Hassan,0.6895835926887455,0.9380419058673646,0.4660069195588254,4
Karnataka,Dakshina Kannada,1.0393036046803237,0.6783204496801691,0.4551649212885729,4
Karnataka,Kodagu,-0.1926433129874093,1.5871934442046358,0.541618605998301,4
Karnataka,Mysore,1.532798587833756,0.3183907501554366,0.3873853570826248,4
Karnataka,Chamarajanagar,0.0603666981410421,1.402646576338413,0.5069842525601976,4
Karnataka,Gulbarga,1.0884457029570052,0.6478768589779605,0.4052764704728606,4
Karnataka,Yadgir,0.0876865843281423,1.3841619094846216,0.4917158802676719,4
Karnataka,Kolar,0.49003594833483,1.0853796600176278,0.479045045506149,4
Karnataka,Chikkaballapura,0.2625343783061182,1.2532503846501484,0.4947651724407841,4
Karnataka,Bangalore Rural,0.1148714366233329,1.3610676927228806,0.5140902984027717,4
Karnataka,Ramanagara,0.141301669355366,1.3423908854359614,0.5056650233495659,4
Goa,North Goa,-1.3304908662508594,-0.3898395819617232,0.0738917960979674,2
Goa,South Goa,-1.4812586192426291,-0.27846467776739,0.0833094957895546,2
Lakshadweep,Lakshadweep,-2.0166758851027846,-0.0559385205572739,0.0829409454917738,2
Kerala,Kasaragod,-0.1986404865541768,0.2912357692631393,0.590701657942124,2
Kerala,Kannur,0.8344223751136766,-0.4719123906198784,0.5262168147347689,1
Kerala,Wayanad,-0.5875080135037991,0.5780487479012663,0.6185931767398783,2
Kerala,Kozhikode,1.2955285472404676,-0.812253014868428,0.4951205894166232,1
Kerala,Malappuram,2.043834804555437,-1.363001349529236,0.4320812538632999,1
Kerala,Palakkad,0.9939783953836706,-0.5883929329262173,0.5051706211687939,1
Kerala,Thrissur,1.3419068171520914,-0.8467888536208551,0.4944241124695689,1
Kerala,Ernakulam,1.4954182673179877,-0.9604635187143769,0.487016237915694,1
Kerala,Idukki,-0.3326403476266244,0.389655066832867,0.6036179718964949,2
Kerala,Kottayam,0.4256967538615271,-0.1709211538038022,0.55927483147267,1
Kerala,Alappuzha,0.5369302199969391,-0.2527793768348995,0.5498334654922946,1
Kerala,Pathanamthitta,-0.2259324053203632,0.3103080281729551,0.6011074405440877,2
Kerala,Kollam,0.9299545139275414,-0.5424848571737634,0.5202583837237186,1
Kerala,Thiruvananthapuram,1.4651524506803546,-0.9373409499946984,0.4827960559172087,1
Tamil Nadu,Thiruvallur,2.307073870650298,-0.2048854872516624,1.1313678248631247,4
Tamil Nadu,Chennai,3.168728027064399,-0.8427429942912834,1.0882354964867107,4
Tamil Nadu,Kancheepuram,2.5244433199447,-0.3652605504516719,1.1161936686515452,4
Tamil Nadu,Vellore,2.374497328470672,-0.2528899222861098,1.1127514768988176,4
Tamil Nadu,Tiruvannamalai,1.2224897863548885,0.5965048229088035,1.197612664920906,4
Tamil Nadu,Viluppuram,1.8913953452566388,0.1052621925397623,1.1327327110214411,4
Tamil Nadu,Salem,1.9476063857447443,0.0631368108835766,1.1340264179249862,4
Tamil Nadu,Namakkal,0.710761134783124,0.9726270571558931,1.244770441779511,4
Tamil Nadu,Erode,1.0726132211761823,0.7067079070988649,1.211078194432352,4
Tamil Nadu,The Nilgiris,0.0229719673096146,1.4781693219640242,1.308033204571621,4
Tamil Nadu,Dindigul,1.032916043704316,0.7354001144167924,1.2186150991350553,4
Tamil Nadu,Karur,0.2279956643488846,1.3279421723739695,1.2854159288143587,4
Tamil Nadu,Tiruchirappalli,1.536268587576749,0.36314487653058,1.1905254993527448,4
Tamil Nadu,Perambalur,-0.1427167932771633,1.6009144403343227,1.3156035649852214,4
Tamil Nadu,Ariyalur,-0.0170883196732901,1.5086949638594545,1.3030845139244958,4
Tamil Nadu,Cuddalore,1.374581835215869,0.4836202238694966,1.192359028267418,4
Tamil Nadu,Nagapattinam,0.6896710427625216,0.9870131676221472,1.255625898871652,4
Tamil Nadu,Thiruvarur,0.418204595612724,1.18709404428638,1.2762300860077538,4
Tamil Nadu,Thanjavur,1.2878550847305412,0.5463169346041582,1.208724200022076,4
Tamil Nadu,Pudukkottai,0.635989342363334,1.027579221992336,1.2517036856014088,4
Tamil Nadu,Sivaganga,0.4528703626717694,1.161961653299044,1.270261963278179,4
Tamil Nadu,Madurai,1.777337364250061,0.1855133095219487,1.1718681061062663,4
Tamil Nadu,Theni,0.3708765848193457,1.222578318346565,1.2750132338548343,4
Tamil Nadu,Virudhunagar,0.9085549435818658,0.8262734028830878,1.2343311442706546,4
Tamil Nadu,Ramanathapuram,0.468356719322358,1.1504672513903529,1.2697289164001897,4
Tamil Nadu,Thoothukkudi,0.8115823006461874,0.8968183174672592,1.2491037001614769,4
Tamil Nadu,Tirunelveli,1.7917415158152084,0.1751807918417721,1.168506226338774,4
Tamil Nadu,Kanniyakumari,0.9615924188839065,0.7852144362051767,1.2460358634041973,4
Tamil Nadu,Dharmapuri,0.4924825925688432,1.1343935041630513,1.2542489460477666,4
Tamil Nadu,Krishnagiri,0.7735948757293916,0.9273190999454736,1.2319871280921832,4
Tamil Nadu,Coimbatore,2.124684929367473,-0.0709258899755257,1.148949821543046,4
Tamil Nadu,Tiruppur,1.2987113221838855,0.5391418652860338,1.2012961914925535,4
Pondicherry,Yanam,-2.020499922262096,-0.0406792204970266,0.0940539511744532,2
Pondicherry,PONDICHERRY,-1.325417826179364,-0.5530794367801707,0.0420873777445914,2
Pondicherry,Mahe,-2.0270860742799677,-0.0358986388523171,0.0951424711754771,2
Pondicherry,Karaikal,-1.905746498128404,-0.1253165422329211,0.0858219192940257,2
Andaman And Nicobar Islands,Nicobars,-2.0413231389563866,-0.0377118156211724,0.0843260873991159,2
Andaman And Nicobar Islands,North  AND Middle Andaman,-1.987626732963363,-0.0773007284094267,0.0803517475884355,2
Andaman And Nicobar Islands,South Andaman,-1.879476205677474,-0.1571202183146124,0.0730104495361975,2
